epoch,step,train_loss_epoch,val_loss
0,5,,0.6931471824645996
0,5,0.8415471911430359,
